Time,Epochs,BatchSize,RoBERTa_LR,Head_LR,GCN_Dim,Num_Layers,Best_Val_F1,Test_F1,Test_Precision,Test_Recall
2026-05-25 22:50:51,40,32,2e-05,0.002,300,2,0.5800,0.5391,0.5463,0.5322
2026-05-25 23:33:03,40,32,2e-05,0.002,512,2,0.5443,0.4979,0.4896,0.5064
2026-05-25 23:46:33,40,32,2e-05,0.002,512,2,0.5522,0.5298,0.5455,0.5150
2026-05-25 23:59:13,40,32,2e-05,0.002,300,1,0.5683,0.5434,0.5648,0.5236
2026-06-01 23:35:01,40,32,2e-05,300,1,1,1,0.5661,0.5256,0.5234,0.5279
2026-06-01 23:47:16,40,32,2e-05,300,0,1,1,0.6472,0.5750,0.5587,0.5923
2026-06-01 23:59:25,40,32,2e-05,300,1,0,1,0.5497,0.4746,0.4686,0.4807
2026-06-02 00:11:39,40,32,2e-05,300,1,1,0,0.0540,0.0471,0.0291,0.1245
2026-06-10 15:39:26,40,32,2e-05,300,1,1,1,0.5696,0.4828,0.4848,0.4807
